<?xml version="1.0" encoding="UTF-8"?>
<GenRun Id="synth_1" LaunchPart="xc7a35tcpg236-1" LaunchTime="1678754615">
  <File Type="PA-TCL" Name="top.tcl"/>
  <File Type="REPORTS-TCL" Name="top_reports.tcl"/>
  <File Type="RDS-RDS" Name="top.vds"/>
  <File Type="RDS-UTIL" Name="top_utilization_synth.rpt"/>
  <File Type="RDS-UTIL-PB" Name="top_utilization_synth.pb"/>
  <File Type="RDS-DCP" Name="top.dcp"/>
  <FileSet Name="sources" Type="DesignSrcs" RelSrcDir="$PSRCDIR/sources_1">
    <Filter Type="Srcs"/>
    <File Path="$PSRCDIR/sources_1/imports/Downloads/Lab3_done.xpr/Lab3_done/Lab3_done.srcs/sources_1/new/EdgeDetector.v">
      <FileInfo>
        <Attr Name="ImportPath" Val="$PPRDIR/../../../../../../../../../../../../../../../../../../../../../../../../../../../../../../../../../../../../../../../../../../Lab3_done.xpr/Lab3_done/Lab3_done.srcs/sources_1/new/EdgeDetector.v"/>
        <Attr Name="ImportTime" Val="1678237459"/>
        <Attr Name="UsedIn" Val="synthesis"/>
        <Attr Name="UsedIn" Val="implementation"/>
        <Attr Name="UsedIn" Val="simulation"/>
      </FileInfo>
    </File>
    <File Path="$PSRCDIR/sources_1/new/PixelAddress.v">
      <FileInfo>
        <Attr Name="ImportPath" Val="$PPRDIR/../../../../../../../../../../../../../../../../../../../../../../../../../../../../../../../../../../../../../../../../../../../../../../../../../../../../../Lab 6/Lab 6.srcs/sources_1/new/PixelAddress.v"/>
        <Attr Name="ImportTime" Val="1677554397"/>
        <Attr Name="UsedIn" Val="synthesis"/>
        <Attr Name="UsedIn" Val="implementation"/>
        <Attr Name="UsedIn" Val="simulation"/>
      </FileInfo>
    </File>
    <File Path="$PSRCDIR/sources_1/imports/Downloads/Lab 5 done.xpr/Lab 5/Lab 5.srcs/sources_1/imports/sources_1/new/RandNumGen.v">
      <FileInfo>
        <Attr Name="ImportPath" Val="$PPRDIR/../../../../../../../../../../../../../../../../../../../../../../../../../../../../../../../../../../../../../../../../../../Lab 5 done.xpr/Lab 5/Lab 5.srcs/sources_1/imports/sources_1/new/RandNumGen.v"/>
        <Attr Name="ImportTime" Val="1677118484"/>
        <Attr Name="UsedIn" Val="synthesis"/>
        <Attr Name="UsedIn" Val="implementation"/>
        <Attr Name="UsedIn" Val="simulation"/>
      </FileInfo>
    </File>
    <File Path="$PSRCDIR/sources_1/imports/Downloads/Lab3_ring_counter.xpr/Lab3_count4_bitch/Lab3_count4_bitch.srcs/sources_1/new/RingCounter.v">
      <FileInfo>
        <Attr Name="ImportPath" Val="$PPRDIR/../../../../../../../../../../../../../../../../../../../Downloads/Lab3_ring_counter.xpr/Lab3_count4_bitch/Lab3_count4_bitch.srcs/sources_1/new/RingCounter.v"/>
        <Attr Name="ImportTime" Val="1678527228"/>
        <Attr Name="UsedIn" Val="synthesis"/>
        <Attr Name="UsedIn" Val="implementation"/>
        <Attr Name="UsedIn" Val="simulation"/>
      </FileInfo>
    </File>
    <File Path="$PSRCDIR/sources_1/imports/Downloads/Lab4_doneeee.xpr/Lab4_doneeee/Lab4_doneeee.srcs/sources_1/new/Score_counter.v">
      <FileInfo>
        <Attr Name="ImportPath" Val="$PPRDIR/../../../../../../../../../../../../../../../../../../../Downloads/Lab4_doneeee.xpr/Lab4_doneeee/Lab4_doneeee.srcs/sources_1/new/Score_counter.v"/>
        <Attr Name="ImportTime" Val="1678526306"/>
        <Attr Name="UsedIn" Val="synthesis"/>
        <Attr Name="UsedIn" Val="implementation"/>
        <Attr Name="UsedIn" Val="simulation"/>
      </FileInfo>
    </File>
    <File Path="$PSRCDIR/sources_1/new/Syncs.v">
      <FileInfo>
        <Attr Name="ImportPath" Val="$PPRDIR/../../../../../../../../../../../../../../../../../../../../../../../../../../../../../../../../../../../../../../../../../../../../../../../../../Lab 6.srcs/sources_1/new/Syncs.v"/>
        <Attr Name="ImportTime" Val="1677749822"/>
        <Attr Name="UsedIn" Val="synthesis"/>
        <Attr Name="UsedIn" Val="implementation"/>
        <Attr Name="UsedIn" Val="simulation"/>
      </FileInfo>
    </File>
    <File Path="$PSRCDIR/sources_1/imports/Downloads/Lab4_doneeee.xpr/Lab4_doneeee/Lab4_doneeee.srcs/sources_1/new/TimeCount.v">
      <FileInfo>
        <Attr Name="ImportPath" Val="$PPRDIR/../../../../../../../../../../../../../../../../../../../../../../../../../../../../../../../../../../Lab4_doneeee.xpr/Lab4_doneeee/Lab4_doneeee.srcs/sources_1/new/TimeCount.v"/>
        <Attr Name="ImportTime" Val="1676407604"/>
        <Attr Name="UsedIn" Val="synthesis"/>
        <Attr Name="UsedIn" Val="implementation"/>
        <Attr Name="UsedIn" Val="simulation"/>
      </FileInfo>
    </File>
    <File Path="$PSRCDIR/sources_1/imports/new/countUD16L.v">
      <FileInfo>
        <Attr Name="ImportPath" Val="$PPRDIR/../../../../../../../../../../../../../../../../../../../../../../../../../../../../../../../../../../../../../../../../../../../../../../../../../../../../../../Downloads/Lab3_done.xpr/Lab3_done/Lab3_done.srcs/sources_1/new/countUD16L.v"/>
        <Attr Name="ImportTime" Val="1677554129"/>
        <Attr Name="UsedIn" Val="synthesis"/>
        <Attr Name="UsedIn" Val="implementation"/>
        <Attr Name="UsedIn" Val="simulation"/>
      </FileInfo>
    </File>
    <File Path="$PSRCDIR/sources_1/imports/Downloads/Lab 5 done.xpr/Lab 5/Lab 5.srcs/sources_1/imports/sources_1/imports/sources_1/imports/new/counter.v">
      <FileInfo>
        <Attr Name="ImportPath" Val="$PPRDIR/../../../../../../../../../../../../../../../../../../../../../../../../../../../../../../../../../../../../../../../../../../../../../../../../../../../Lab 5 done.xpr/Lab 5/Lab 5.srcs/sources_1/imports/sources_1/imports/sources_1/imports/new/counter.v"/>
        <Attr Name="ImportTime" Val="1677741134"/>
        <Attr Name="UsedIn" Val="synthesis"/>
        <Attr Name="UsedIn" Val="implementation"/>
        <Attr Name="UsedIn" Val="simulation"/>
      </FileInfo>
    </File>
    <File Path="$PSRCDIR/sources_1/new/drop_ship.v">
      <FileInfo>
        <Attr Name="ImportPath" Val="$PPRDIR/../../../../../../../../../../../../../../../../../../../../../../../../../../../../../../../../../../../../Lab 6.srcs/sources_1/new/drop_ship.v"/>
        <Attr Name="ImportTime" Val="1678342079"/>
        <Attr Name="UsedIn" Val="synthesis"/>
        <Attr Name="UsedIn" Val="implementation"/>
        <Attr Name="UsedIn" Val="simulation"/>
      </FileInfo>
    </File>
    <File Path="$PSRCDIR/sources_1/new/game.v">
      <FileInfo>
        <Attr Name="ImportPath" Val="$PPRDIR/../../../../../../../../../../../../../../../../../../../Downloads/Lab 6 drops.xpr/Lab 6/Lab 6.srcs/sources_1/new/game.v"/>
        <Attr Name="ImportTime" Val="1678523605"/>
        <Attr Name="UsedIn" Val="synthesis"/>
        <Attr Name="UsedIn" Val="implementation"/>
        <Attr Name="UsedIn" Val="simulation"/>
      </FileInfo>
    </File>
    <File Path="$PSRCDIR/sources_1/imports/Downloads/Lab_2.xpr/Lab_2/Lab_2.srcs/sources_1/new/hex7seg.v">
      <FileInfo>
        <Attr Name="ImportPath" Val="$PPRDIR/../../../../../../../../../../../../../../../../../../../Downloads/Lab_2.xpr/Lab_2/Lab_2.srcs/sources_1/new/hex7seg.v"/>
        <Attr Name="ImportTime" Val="1674175154"/>
        <Attr Name="UsedIn" Val="synthesis"/>
        <Attr Name="UsedIn" Val="implementation"/>
        <Attr Name="UsedIn" Val="simulation"/>
      </FileInfo>
    </File>
    <File Path="$PSRCDIR/sources_1/imports/Downloads/labVGA_clks.v">
      <FileInfo>
        <Attr Name="ImportPath" Val="$PPRDIR/../../../../../../../../../../../../../../../../../../../../../../../../../../../../../../../../../../../../../../../../../../../../../../../../Downloads/labVGA_clks.v"/>
        <Attr Name="ImportTime" Val="1677783910"/>
        <Attr Name="UsedIn" Val="synthesis"/>
        <Attr Name="UsedIn" Val="implementation"/>
        <Attr Name="UsedIn" Val="simulation"/>
      </FileInfo>
    </File>
    <File Path="$PSRCDIR/sources_1/imports/Downloads/Lab3_ring_counter.xpr/Lab3_count4_bitch/Lab3_count4_bitch.srcs/sources_1/new/selector.v">
      <FileInfo>
        <Attr Name="ImportPath" Val="$PPRDIR/../../../../../../../../../../../../../../../../../../../Downloads/Lab3_ring_counter.xpr/Lab3_count4_bitch/Lab3_count4_bitch.srcs/sources_1/new/selector.v"/>
        <Attr Name="ImportTime" Val="1678527330"/>
        <Attr Name="UsedIn" Val="synthesis"/>
        <Attr Name="UsedIn" Val="implementation"/>
        <Attr Name="UsedIn" Val="simulation"/>
      </FileInfo>
    </File>
    <File Path="$PSRCDIR/sources_1/new/ship.v">
      <FileInfo>
        <Attr Name="ImportPath" Val="$PPRDIR/../../../../../../../../../../../../../../../../../../../../../../../../../../../../../../../../../../../../Lab 6.srcs/sources_1/new/ship.v"/>
        <Attr Name="ImportTime" Val="1678342096"/>
        <Attr Name="UsedIn" Val="synthesis"/>
        <Attr Name="UsedIn" Val="implementation"/>
        <Attr Name="UsedIn" Val="simulation"/>
      </FileInfo>
    </File>
    <File Path="$PSRCDIR/sources_1/new/ship_SM.v">
      <FileInfo>
        <Attr Name="ImportPath" Val="$PPRDIR/../../../../../../../../../../../../../../../../../../../../../../../../../../../../../../../../../../../../Lab 6.srcs/sources_1/new/ship_SM.v"/>
        <Attr Name="ImportTime" Val="1678342073"/>
        <Attr Name="UsedIn" Val="synthesis"/>
        <Attr Name="UsedIn" Val="implementation"/>
        <Attr Name="UsedIn" Val="simulation"/>
      </FileInfo>
    </File>
    <File Path="$PSRCDIR/sources_1/imports/Downloads/Lab4_doneeee.xpr/Lab4_doneeee/Lab4_doneeee.srcs/sources_1/new/time_count16.v">
      <FileInfo>
        <Attr Name="ImportPath" Val="$PPRDIR/../../../../../../../../../../../../../../../../../../../../../../../../../../../../../../../../../../Lab4_doneeee.xpr/Lab4_doneeee/Lab4_doneeee.srcs/sources_1/new/time_count16.v"/>
        <Attr Name="ImportTime" Val="1676407604"/>
        <Attr Name="UsedIn" Val="synthesis"/>
        <Attr Name="UsedIn" Val="implementation"/>
        <Attr Name="UsedIn" Val="simulation"/>
      </FileInfo>
    </File>
    <File Path="$PSRCDIR/sources_1/imports/Downloads/Lab4_doneeee.xpr/Lab4_doneeee/Lab4_doneeee.srcs/sources_1/new/time_count4.v">
      <FileInfo>
        <Attr Name="ImportPath" Val="$PPRDIR/../../../../../../../../../../../../../../../../../../../../../../../../../../../../../../../../../../Lab4_doneeee.xpr/Lab4_doneeee/Lab4_doneeee.srcs/sources_1/new/time_count4.v"/>
        <Attr Name="ImportTime" Val="1676407604"/>
        <Attr Name="UsedIn" Val="synthesis"/>
        <Attr Name="UsedIn" Val="implementation"/>
        <Attr Name="UsedIn" Val="simulation"/>
      </FileInfo>
    </File>
    <File Path="$PSRCDIR/sources_1/new/top.v">
      <FileInfo>
        <Attr Name="ImportPath" Val="$PPRDIR/../../../../../../../../../../../../../../../../../../../../../../../../../../../../../../../../../../../../../../../../../../../../../../../../../Lab 6.srcs/sources_1/new/top.v"/>
        <Attr Name="ImportTime" Val="1677749349"/>
        <Attr Name="UsedIn" Val="synthesis"/>
        <Attr Name="UsedIn" Val="implementation"/>
        <Attr Name="UsedIn" Val="simulation"/>
      </FileInfo>
    </File>
    <File Path="$PSRCDIR/sources_1/imports/Downloads/Lab4_doneeee.xpr/Lab4_doneeee/Lab4_doneeee.srcs/sources_1/new/Decoder.v">
      <FileInfo>
        <Attr Name="AutoDisabled" Val="1"/>
        <Attr Name="ImportPath" Val="$PPRDIR/../../../../../../../../../../../../../../../../../../../Downloads/Lab4_doneeee.xpr/Lab4_doneeee/Lab4_doneeee.srcs/sources_1/new/Decoder.v"/>
        <Attr Name="ImportTime" Val="1676413152"/>
        <Attr Name="UsedIn" Val="synthesis"/>
        <Attr Name="UsedIn" Val="implementation"/>
        <Attr Name="UsedIn" Val="simulation"/>
      </FileInfo>
    </File>
    <File Path="$PSRCDIR/sources_1/imports/Downloads/Lab 6.xpr/Lab 6/archive_project_summary.txt">
      <FileInfo>
        <Attr Name="ImportPath" Val="$PPRDIR/../../../../../../../../../../../../../../../../../../../../../../../../../../../../../../../../../../../../../../../../../../../../../../../../../archive_project_summary.txt"/>
        <Attr Name="ImportTime" Val="1677740818"/>
      </FileInfo>
    </File>
    <File Path="$PSRCDIR/sources_1/imports/Downloads/Lab 6 vnh.xpr/Lab 6/archive_project_summary.txt">
      <FileInfo>
        <Attr Name="ImportPath" Val="$PPRDIR/../../../../../../../../../../../../../../../../../../../../../../../../../../../../../../../../../../../../../../../../../../../../../../../../Downloads/Lab 6 vnh.xpr/Lab 6/archive_project_summary.txt"/>
        <Attr Name="ImportTime" Val="1677782759"/>
      </FileInfo>
    </File>
    <File Path="$PSRCDIR/sources_1/imports/Downloads/Lab 6 bckgnd.xpr/Lab 6/archive_project_summary.txt">
      <FileInfo>
        <Attr Name="ImportPath" Val="$PPRDIR/../../../../../../../../../../../../../../../../../../../../../../../../../../../../../../../../../../../../../../../../archive_project_summary.txt"/>
        <Attr Name="ImportTime" Val="1678226658"/>
      </FileInfo>
    </File>
    <File Path="$PSRCDIR/sources_1/imports/Downloads/Lab 6 mess.xpr/Lab 6/archive_project_summary.txt">
      <FileInfo>
        <Attr Name="ImportPath" Val="$PPRDIR/../../../../../../../../../../../../../../../../../../../Downloads/Lab 6 mess.xpr/Lab 6/archive_project_summary.txt"/>
        <Attr Name="ImportTime" Val="1678342124"/>
      </FileInfo>
    </File>
    <File Path="$PSRCDIR/sources_1/imports/Downloads/Lab 6 drops.xpr/Lab 6/archive_project_summary.txt">
      <FileInfo>
        <Attr Name="ImportPath" Val="$PPRDIR/../../../../../../../../../../../../../../../../../../../Downloads/Lab 6 drops.xpr/Lab 6/archive_project_summary.txt"/>
        <Attr Name="ImportTime" Val="1678417480"/>
      </FileInfo>
    </File>
    <File Path="$PSRCDIR/sources_1/imports/Lab 6/archive_project_summary.txt">
      <FileInfo>
        <Attr Name="ImportPath" Val="$PPRDIR/../../../../archive_project_summary.txt"/>
        <Attr Name="ImportTime" Val="1678748314"/>
      </FileInfo>
    </File>
    <Config>
      <Option Name="DesignMode" Val="RTL"/>
      <Option Name="TopModule" Val="top"/>
      <Option Name="TopAutoSet" Val="TRUE"/>
    </Config>
  </FileSet>
  <FileSet Name="constrs_in" Type="Constrs" RelSrcDir="$PSRCDIR/constrs_1">
    <Filter Type="Constrs"/>
    <File Path="$PSRCDIR/constrs_1/imports/Downloads/Basys3_Master.xdc">
      <FileInfo>
        <Attr Name="ImportPath" Val="$PPRDIR/../../../../../../../../../../../../../../../../../../../../../../../../../../../../../../../../../../../../../../../../../../../../../../../../Downloads/Lab3_done.xpr/Lab3_done/Lab3_done.srcs/constrs_1/imports/Downloads/Basys3_Master.xdc"/>
        <Attr Name="ImportTime" Val="1677788514"/>
        <Attr Name="UsedIn" Val="synthesis"/>
        <Attr Name="UsedIn" Val="implementation"/>
      </FileInfo>
    </File>
    <Config>
      <Option Name="ConstrsType" Val="XDC"/>
    </Config>
  </FileSet>
  <FileSet Name="utils" Type="Utils" RelSrcDir="$PSRCDIR/utils_1">
    <Filter Type="Utils"/>
    <Config>
      <Option Name="TopAutoSet" Val="TRUE"/>
    </Config>
  </FileSet>
  <Strategy Version="1" Minor="2">
    <StratHandle Name="Vivado Synthesis Defaults" Flow="Vivado Synthesis 2019"/>
    <Step Id="synth_design"/>
  </Strategy>
</GenRun>
